"id_artigo","keyword","posicao"
"4506","interface","1"
"4507","end-user programming","1"
"4508","ergonomia","1"
"4509","interação homem-máquina","1"
"4510","confiabilidade humana","1"
"4511","interação musical - interfaces musicais - ins","1"
"4512","ferramenta de desenvolvimento de interfaces","1"
"4513","linguagem visual","1"
"4514","ihc","1"
"4515","interface","1"
"4516","interfaces","1"
"4517","www","1"
"4518","trabalho cooperativo com suporte computadoriz","1"
"4519","projeto de interfaces","1"
"4520","métodos de avaliação de usabilidade de interf","1"
"4521","interfaces gráficas","1"
"4522","realidade virtual","1"
"4523","interface","1"
"4524","ergonomia","1"
"4525","semiótica computacional","1"
"4526","ergonomia","1"
"4527","engenharia semiótica","1"
"4528","design de interfaces de usuário","1"
"4529","ergonomia","1"
"4530","interfaces adaptativas","1"
"4531","engenharia semiótica","1"
"4532","testes de usabilidade","1"
"4533","interfaces homem-máquina","1"
"4534","intimidade","1"
"4535","meta-comunicação","1"
"4536","avaliação de usabilidade","1"
"4537","affordances","1"
"4538","projeto de interfaces","1"
"4539","comunicação mediada por computador","1"
"4540","interação humano-computador","1"
"4541","interação humano-computador","1"
"4543","sistemas de help online","1"
"4544","scenarios","1"
"4545","engenharia de usabilidade","1"
"4546","design","1"
"4547","design centrado no usuário","1"
"4548","avaliação de websites usabilidade em website","1"
"4549","cores","1"
"4552","interface como espaço de comunicação","1"
"4554","personalized interfaces","1"
"4561","avaliação de interfaces de usuário","1"
"4564","multiple-environment interfaces","1"
"4565","avaliação de usabilidade","1"
"4567","usability evaluation","1"
"4573","participatory design","1"
"4585","criança","1"
"4587","cegueira","1"
"4600","scalable vector graphics","1"
"4601","interface humano-computador: interfaces de us","1"
"4602","avaliação de usabilidade","1"
"4603","avaliação heurística participativa","1"
"4604","testes com usuários","1"
"4605","métodos qualitativos","1"
"4606","ambientes de educação a distância","1"
"4607","engenharia semiótica","1"
"4608","sistemas de ajuda online","1"
"4609","integração entre ihc e engenharia de software","1"
"4610","avaliação de usabilidade","1"
"4611","interação humano-computador","1"
"4612","programação por demonstração","1"
"4613","teclado virtual","1"
"4614","avaliação de interfaces","1"
"4615","design representations","1"
"4616","usability patterns","1"
"4617","streamlined approaches to hci design","1"
"4618","user interaction","1"
"4619","digital interactive tv","1"
"4620","human error","1"
"4621","inclusive design","1"
"4622","multi-platform user iterfaces","1"
"4623","user-interface specification methods and lang","1"
"4624","semiotic engineering","1"
"4625","semiotic engineering","1"
"4626","human-computer interaction evaluation","1"
"4627","sign lexicon","1"
"4628","information visualization","1"
"4629","hci","1"
"4630","data mining","1"
"4631","cscw","1"
"4632","language action","1"
"4633","affective computing","1"
"4634","virtual characters","1"
"4635","programmig by demonstration","1"
"4636","interface patterns","1"
"4637","online services","1"
"4638","multimodal user interfaces","1"
"4639","mobile games","1"
"4640","classification systems","1"
"4641","aplicação semi-estruturada do método de inspe","1"
"4642","tv digital interativa","1"
"4643","semiotic engineering","1"
"4644","context awareness","1"
"4645","usability evaluation methodology","1"
"4646","interactive tv","1"
"4647","interface agents","1"
"4648","interactive displays","1"
"4649","folkauthority","1"
"4650","hci education","1"
"4651","common sense","1"
"4652","affect","1"
"4653","end-user programming","1"
"4654","human-computer interaction","1"
"4655","e-learning","1"
"4656","user psychological profile","1"
"4657","sistemas colaborativos","1"
"4658","institutionalization of usability","1"
"4659","extensão de sistemas","1"
"4660","computer aided musical education","1"
"4661","user interface","1"
"4662","usabilidade","1"
"4663","engenharia semiótica","1"
"4664","website evaluation","1"
"4665","engenharia semiótica","1"
"4666","communication","1"
"4667","h52user interfaces: interaction design","1"
"4668","engenharia semiótica","1"
"4669","verificação","1"
"4670","digital tv","1"
"4671","user interface design","1"
"4672","inclusive social networks","1"
"4673","computer music","1"
"4674","padrões de projeto","1"
"4675","sistemas de ajuda online","1"
"4676","software social","1"
"4677","gesture interface","1"
"4678","universal design","1"
"4679","avaliação de usabilidade","1"
"4680","heuristic evaluation","1"
"4681","interactive surfaces","1"
"4682","interface multimodal com o usuário","1"
"4683","comunidades online","1"
"4684","assistive technology","1"
"4685","cerebral palsy","1"
"4686","social web","1"
"4687","cultural aspects of hci","1"
"4688","web accessibility","1"
"4689","functional illiteracy","1"
"4690","cross-cultural systems","1"
"4691","jogos eletrônicos","1"
"4692","interface adaptativa","1"
"4693","avaliação remota de usabilidade","1"
"4694","motivation","1"
"4696","experiências de usuário","1"
"4697","ergonomia","1"
"4699","behavioral personas","1"
"4700","sistema interactivo","1"
"4702","linguagem de modelagem","1"
"4703","sistemas de ajuda em pares","1"
"4704","automating media production","1"
"4705","sensemaking","1"
"4706","interação humano-computador","1"
"4707","semiotic inspection method","1"
"4708","usuários idosos","1"
"4709","interfaces ajustáveis","1"
"4710","information visualization","1"
"4711","televisión digital interactiva","1"
"4712","ria","1"
"4713","acessibilidade","1"
"4714","engenharia de usabilidade","1"
"4715","hci education","1"
"4716","case-based reasoning","1"
"4717","semiotic engineering","1"
"4718","accessibility","1"
"4719","gwap","1"
"4720","método de inspeção semiótica","1"
"4721","participatory design","1"
"4722","interface cérebro-computador","1"
"4723","interface de usuário tangível","1"
"4724","gesture recognition","1"
"4725","redes sociais online","1"
"4726","large displays","1"
"4727","engenharia semiótica","1"
"4728","posthumous interaction","1"
"4729","semiotic inspection method","1"
"4730","third place","1"
"4731","usability evaluation","1"
"4732","geo-localization","1"
"4733","timelines","1"
"4734","privacidade","1"
"4735","análise","1"
"4736","emoção","1"
"4737","motivation","1"
"4738","live documentation computational thinking ac","1"
"4739","usability evaluation","1"
"4740","observação de usuários","1"
"4741","android","1"
"4742","affectibility","1"
"4743","help systems","1"
"4744","interaction design","1"
"4745","functional illiteracy","1"
"4746","iris tracking","1"
"4747","model-based development","1"
"4748","privacy","1"
"4749","online social networks","1"
"4750","design universal","1"
"4751","usability evaluation","1"
"4752","back navigation","1"
"4753","design","1"
"4754","acessibilidade","1"
"4755","acessibilidade","1"
"4756","redes geossociais","1"
"4757","web navigation","1"
"4758","gwap","1"
"4759","statistical data visualization","1"
"4760","ambiente ubíquo","1"
"4761","generative literature","1"
"4762","pesquisa exploratória","1"
"4763","criatividade","1"
"4764","sistemas colaborativos","1"
"4765","molic woz","1"
"4766","hci","1"
"4767","acessibilidade web","1"
"4768","virtual keyboard","1"
"4769","idosos","1"
"4770","human-computer interaction","1"
"4771","energy consumption","1"
"4772","personas","1"
"4773","avaliação de ihc","1"
"4774","pesquisa qualitativa","1"
"4775","prototyping","1"
"4776","video annotation","1"
"4777","engenharia semiótica","1"
"4778","modelo de tarefas","1"
"4779","emotional assessment","1"
"4780","hci design","1"
"4781","experiência dos usuários","1"
"4782","ubiquitous computing","1"
"4783","avaliação de usabilidade","1"
"4784","redes sociais online","1"
"4785","displays públicos","1"
"4786","redes sociais","1"
"4788","memorial digital","1"
"4789","gaze-based interaction","1"
"4790","acessibilidade","1"
"4791","realidade mediada","1"
"4792","sondas de design","1"
"4793","three-dimensional virtual environments","1"
"4794","interação corporificada","1"
"4795","ihc","1"
"4796","interfaces tangíveis","1"
"4797","videogames","1"
"4798","análise de sentimentos","1"
"4799","semiotic engineering","1"
"4800","english as second language","1"
"4808","deafness","1"
"4809","libras","1"
"4810","interaction","1"
"4811","acessibilidade web","1"
"4812","color","1"
"4813","gender identity","1"
"4814","alternative remote control","1"
"4815","privacy","1"
"4816","interactive gestures","1"
"4817","ubiquitous computing","1"
"4818","interaction design","1"
"4819","design de interação","1"
"4820","mobile learning","1"
"4821","multimodal interfaces","1"
"4822","interaction design","1"
"4825","researcher migration","1"
"4826","gamification","1"
"4827","autoexpressão","1"
"4828","semiotic inspection method","1"
"4829","communicability","1"
"4830","verbalization","1"
"4831","immersive virtual reality","1"
"4832","games","1"
"4833","social curation","1"
"4834","face detection","1"
"4835","social network","1"
"4836","collaborative systems design","1"
"4837","hcd","1"
"4838","design","1"
"4839","semiotic engineering","1"
"4840","mobile devices","1"
"4841","affectibility","1"
"4842","model for interactive enviroments","1"
"4843","tui","1"
"4844","evaluation in hci","1"
"4845","assessment methodologies software","1"
"4846","gamification","1"
"4847","active learning","1"
"4848","computer science education","1"
"4849","computational thinking at elementary level","1"
"4850","tree map","1"
"4851","information visualization","1"
"4852","gaze-based interaction","1"
"4853","social recommendation","1"
"4854","human computer interaction","1"
"4506","avaliação","2"
"4507","semiotic engineering","2"
"4508","usabilidade","2"
"4509","interfaces de realidade virtual","2"
"4510","erro humano","2"
"4512","arquitetura de software","2"
"4513","semiótica","2"
"4514","sistemas distribu_x0013__x0010_dos","2"
"4515","semiótica","2"
"4516","semiotic engineering","2"
"4517","internet","2"
"4518","cscw","2"
"4519","técnicas e ferramentas de especificação","2"
"4520","avaliação da interação homem-computador (ihc)","2"
"4521","programação para o usuário final","2"
"4522","interfaces não-convencionais","2"
"4523","design","2"
"4524","serviços","2"
"4525","design","2"
"4526","interfaces humano-computador","2"
"4527","interfaces multi-usuário","2"
"4528","engenharia semiótica","2"
"4529","pedagogia","2"
"4530","recomendações ergonômicas","2"
"4531","interação humano?computador","2"
"4532","design de ihc","2"
"4533","linguagem de interação","2"
"4534","defesa","2"
"4535","interface","2"
"4536","participação do usuário","2"
"4537","communicability evaluation","2"
"4538","guidelines","2"
"4539","internet","2"
"4540","cognição","2"
"4541","avaliação de usabilidade","2"
"4543","engenharia semiótica","2"
"4544","web applications development","2"
"4545","avaliação de usabilidade","2"
"4546","interface","2"
"4547","interfaces humano-humano","2"
"4549","percepção de cores","2"
"4552","sistemas de informação geográfica (sig)","2"
"4554","collaborative interfaces","2"
"4561","inspeção formal de usabilidade","2"
"4564","interaction model","2"
"4565","modelos navegação","2"
"4567","corporate portal","2"
"4573","organizational semiotics","2"
"4585","internet","2"
"4587","escrita","2"
"4600","svg","2"
"4601","avaliação/metodologia","2"
"4602","computadores de mão","2"
"4604","interação com dispositivos móveis","2"
"4605","meds","2"
"4606","visualização de informação","2"
"4607","sistemas de fóruns de discussão","2"
"4608","engenharia semiótica","2"
"4609","desenvolvimento de sistemas interativos","2"
"4610","reengenharia","2"
"4611","sistemas de informação geográfica","2"
"4612","aplicações extensíveis","2"
"4613","simulador de teclado","2"
"4614","engenharia semiótica","2"
"4615","interaction modeling","2"
"4616","usability","2"
"4617","communication-centered design","2"
"4618","interaction model","2"
"4619","human computer interaction","2"
"4620","cognitive architectures","2"
"4621","universal design","2"
"4622","user interface adaptability","2"
"4623","browserbased user interfaces","2"
"4624","inspection methods","2"
"4625","evaluation methods","2"
"4626","semiotic model","2"
"4627","sign language","2"
"4628","search engines","2"
"4629","interfaces do usuário","2"
"4630","association rules","2"
"4631","human-computer interaction","2"
"4632","chat","2"
"4633","instant messaging","2"
"4634","recommender systems","2"
"4635","animated simulation","2"
"4636","user modeling","2"
"4637","online applications","2"
"4638","voice user interfaces","2"
"4639","non-visual games","2"
"4640","web collaborative systems","2"
"4642","design da interação","2"
"4643","collaborative systems","2"
"4644","mobile computing","2"
"4645","digital tv","2"
"4646","contextual design","2"
"4647","recommender systems","2"
"4648","telepointers","2"
"4649","folksonomy","2"
"4650","curriculum","2"
"4651","e-learning","2"
"4652","computer-mediated communication","2"
"4653","interactive digital tv applications","2"
"4654","hci","2"
"4655","adaptive systems","2"
"4656","personality traits","2"
"4657","modelos","2"
"4658","agile development","2"
"4659","linguagens de descrição","2"
"4660","human factors and children","2"
"4661","old people","2"
"4662","pda","2"
"4663","ferramentas epistêmicas","2"
"4664","digital divide","2"
"4665","método de avaliação de comunicabilidade","2"
"4666","instant messaging tools","2"
"4667","interaction modeling","2"
"4668","método de inspeção semiótica","2"
"4669","validação","2"
"4670","accessibility","2"
"4671","flexible systems","2"
"4672","socially aware design","2"
"4673","mobile music","2"
"4674","personas","2"
"4675","diálogo","2"
"4676","valores","2"
"4677","3d gesture recognition","2"
"4678","web accessibility guidelines","2"
"4679","baseada em modelos","2"
"4680","digital games","2"
"4681","multi-tactile interfaces","2"
"4682","avaliação de usabilidade","2"
"4683","sociabilidade","2"
"4684","computer-aided therapy","2"
"4685","web accessibility","2"
"4686","digital legacy","2"
"4687","cultural-aware issues","2"
"4688","accessibility tools","2"
"4689","accessibility recommendations","2"
"4690","hci and culture","2"
"4691","acessibilidade","2"
"4692","jogos narrativos","2"
"4693","modelo de interface","2"
"4694","eco-feedback technology","2"
"4696","marketing","2"
"4697","engenharia de usabilidade","2"
"4699","user modeling","2"
"4700","usabilidad","2"
"4702","modelos de interação humano- computador","2"
"4703","engenharia semiótica","2"
"4704","post-production","2"
"4705","m-health","2"
"4706","design centrado no usuário","2"
"4707","applicability","2"
"4708","comércio eletrônico","2"
"4709","flexibilidade","2"
"4710","user interfaces","2"
"4711","aplicaciones","2"
"4712","accessibility","2"
"4713","dispositivos móveis","2"
"4714","modelos de maturidade/capacidade de processo ","2"
"4715","computer science education","2"
"4716","user interface design","2"
"4717","computer as media","2"
"4718","human-computer interaction","2"
"4719","design for all","2"
"4720","comunicabilidade","2"
"4721","assistive technologies","2"
"4722","icc","2"
"4723","prototipação rápida","2"
"4724","brazilian sign language","2"
"4725","difusão de inovações","2"
"4726","design research","2"
"4727","sistemas colaborativos","2"
"4728","internet generation","2"
"4729","assessment","2"
"4730","ethnography","2"
"4731","user experience","2"
"4732","maps","2"
"4733","visualization","2"
"4734","redes sociais","2"
"4735","conferências","2"
"4736","decisões de design","2"
"4737","affective quality","2"
"4738","end-user programming agentsheets","2"
"4739","usability of designs models","2"
"4740","acessibilidade","2"
"4741","interação humano-computador","2"
"4742","design for with and by children","2"
"4743","metalinguistic signs","2"
"4744","rich interactions","2"
"4745","low literacy users","2"
"4746","cursor controller","2"
"4747","interaction modeling language","2"
"4748","facebook","2"
"4749","sociability","2"
"4750","prototipação","2"
"4751","inspection","2"
"4752","dialog management","2"
"4753","autismo","2"
"4754","comunicabilidade","2"
"4755","inclusão social","2"
"4756","contextos urbanos","2"
"4757","similarity functions","2"
"4758","design for all","2"
"4759","recommender systems","2"
"4760","design participativo","2"
"4761","aesthetic experience","2"
"4762","histórico de pesquisa","2"
"4763","experiência de usuário","2"
"4764","engenharia semiótica","2"
"4765","molic","2"
"4766","brazilian symposium","2"
"4767","sistemas gerenciadores de conteúdo","2"
"4768","accessibility","2"
"4769","usabilidade","2"
"4770","software development tools","2"
"4771","awareness","2"
"4772","aplicações terapêuticas","2"
"4773","metáforas de perspectivas culturais","2"
"4774","captura & acesso","2"
"4775","user experience","2"
"4776","user interface evaluation","2"
"4777","sistemas colaborativos","2"
"4778","diagrama de atividade","2"
"4779","emotion emotional experience","2"
"4780","case-based reasoning","2"
"4781","experimento","2"
"4782","user profile","2"
"4783","mineração de dados","2"
"4784","estratégias de persuasão","2"
"4785","interação","2"
"4786","privacidade","2"
"4788","luto","2"
"4789","meta-keys","2"
"4790","aplicações móveis","2"
"4791","design da informação","2"
"4792","engenharia semiótica","2"
"4793","interaction
monitoring","2"
"4794","aprendizagem corporificada","2"
"4795","simpósio brasileiro","2"
"4796","tui","2"
"4797","visually impaired","2"
"4798","seleção de conteúdo","2"
"4799","self-expression","2"
"4800","placement test","2"
"4808","accessibility","2"
"4809","vocalizer","2"
"4810","assistive technology","2"
"4811","analfabetismo funcional","2"
"4812","design","2"
"4813","sexual orientation","2"
"4814","interactive tv","2"
"4815","personal information disclosure","2"
"4816","computer vision","2"
"4817","ubicard","2"
"4818","design language","2"
"4819","linguagem de design","2"
"4820","whatsapp","2"
"4821","virtual environments","2"
"4822","interaction modeling","2"
"4825","hci diffusion in brazil","2"
"4826","educational mobile apps","2"
"4827","programação","2"
"4828","digital games","2"
"4829","elderly","2"
"4830","keywords","2"
"4831","interface design and evaluation","2"
"4832","video games","2"
"4833","user-curated narratives","2"
"4834","vivacity","2"
"4835","facebook","2"
"4836","simulation","2"
"4837","culture","2"
"4838","culture","2"
"4839","semiotic inspection intermediated method","2"
"4840","elderly users","2"
"4841","affect","2"
"4842","interactive environment","2"
"4843","storytelling","2"
"4844","emotional aspects","2"
"4845","neurophysiologic measures","2"
"4846","user profile","2"
"4847","hci","2"
"4848","programming","2"
"4849","evaluation of digital games","2"
"4850","space-filling methods","2"
"4851","emergency management","2"
"4852","musical interface","2"
"4853","cognitive authority","2"
"4854","design process","2"
"4506","design","3"
"4507","knowledge representation","3"
"4508","sistemas interativos: desenvolvimento e avali","3"
"4509","ensino à distância","3"
"4510","interfaces homem-computador","3"
"4512","especificação de diálogo","3"
"4513","projetos de interfaces","3"
"4514","sistemas reativos","3"
"4515","análise","3"
"4516","design languages","3"
"4517","classificação semãntica","3"
"4518","percepções do usuário","3"
"4519","user action notation (uan)","3"
"4520","avaliação heurística","3"
"4521","animação por computador","3"
"4523","comunicação","3"
"4524","call-center","3"
"4525","interfaces","3"
"4526","voto eletrônico","3"
"4527","design de interfaces","3"
"4528","usabilidade","3"
"4529","usabilidade","3"
"4530","fatores humanos","3"
"4531","metáfora","3"
"4532","semiótica","3"
"4533","interfaces para surdos","3"
"4534","auto-preservação","3"
"4535","avaliação","3"
"4536","listas de verificação","3"
"4537","semiotic engineering","3"
"4538","usabilidade","3"
"4539","bate-papo","3"
"4540","multimídia","3"
"4541","logging de software","3"
"4543","aplicações web","3"
"4544","user interface design","3"
"4545","objetos de interface homem-computador","3"
"4546","realidade virtual","3"
"4547","ambientes educacionais na web","3"
"4549","uso de cores em interfaces para a www","3"
"4552","design de interface","3"
"4554","digital libraries","3"
"4561","testes de comunicabilidade","3"
"4564","discourse structure","3"
"4565","verificação de modelos","3"
"4567","web interface","3"
"4573","domain-oriented application","3"
"4585","design participativo","3"
"4587","interfaces de voz","3"
"4600","xml","3"
"4602","ensaios de interação","3"
"4605","usuários","3"
"4606","teleduc","3"
"4607","recuperação de informação","3"
"4608","design de ihc","3"
"4609","relatos de experiências","3"
"4610","planejamento","3"
"4611","sig web","3"
"4612","uso de conhecimento prévio do domínio","3"
"4613","tecnologias assistivas","3"
"4614","interfaces baseadas em mapas","3"
"4615","multidisciplinary design teams","3"
"4616","multi-criteria decision-analysis","3"
"4617","interaction design","3"
"4618","interaction as conversation","3"
"4620","hci design","3"
"4621","accessibility","3"
"4622","device independence","3"
"4623","user-interface components","3"
"4624","qualitative methods","3"
"4625","hci inspection methods","3"
"4626","geographic information systems in the web (we","3"
"4627","lexical retrieve","3"
"4628","web visualization","3"
"4629","multimodalidade","3"
"4630","human-computer interaction (hci)","3"
"4631","cooperative music prototyping","3"
"4632","collaboration","3"
"4633","emotion models","3"
"4636","user profile","3"
"4637","service science","3"
"4638","web","3"
"4639","accessibility","3"
"4640","communities of practice","3"
"4642","artefatos digitais","3"
"4643","manas","3"
"4645","brazilian digital tv system","3"
"4646","parallel design","3"
"4648","annotations","3"
"4649","information overload","3"
"4650","heuristic evaluation","3"
"4651","patterns","3"
"4652","emotion","3"
"4653","user studies","3"
"4654","evaluation","3"
"4655","intelligent agents","3"
"4656","recommendation","3"
"4657","frameworks","3"
"4658","usability maturity","3"
"4659","end user development","3"
"4661","mobile","3"
"4662","metodologia","3"
"4663","sistemas colaborativos","3"
"4664","accessibility","3"
"4665","software educacional","3"
"4666","inclusive social networks","3"
"4667","semiotic engineering","3"
"4668","qualidade","3"
"4669","interação humano computador","3"
"4670","human-computer interaction","3"
"4671","tailoring","3"
"4672","meta-communication","3"
"4673","interaction design patterns","3"
"4674","celulares","3"
"4676","web social","3"
"4677","interaction in 3d virtual environments","3"
"4678","evaluation","3"
"4679","engenharia de software","3"
"4680","playability","3"
"4681","voice interfaces","3"
"4682","aplicação multimodal","3"
"4683","surdos","3"
"4684","participatory design","3"
"4685","social inclusion","3"
"4686","volition","3"
"4687","internationalization","3"
"4688","guidelines","3"
"4690","conceptual metaphors for hci design","3"
"4691","diretrizes de acessibilidade","3"
"4692","estudo de caso","3"
"4693","rastreamento da interação do usuário","3"
"4694","residential energy feedback systems","3"
"4696","tecnologia","3"
"4697","ihc","3"
"4699","user profile","3"
"4700","marco de desarrollo","3"
"4702","técnicas de inspeção de usabilidade","3"
"4703","expressões de comunicabilidade","3"
"4704","automation","3"
"4705","information processing","3"
"4706","persona","3"
"4707","systematic literature review","3"
"4708","acessibilidade","3"
"4709","celular","3"
"4710","likert scale","3"
"4711","usabilidad","3"
"4712","people","3"
"4713","engenharia de requisitos","3"
"4714","interação humano-computador","3"
"4715","semiotic engineering","3"
"4716","humancomputer interaction","3"
"4717","mediation technology","3"
"4718","accessible technologies","3"
"4719","gwido","3"
"4720","acessibilidade","3"
"4721","alternative","3"
"4722","interação humanocomputador","3"
"4723","interação humano-computador","3"
"4724","kinect","3"
"4725","comunicação","3"
"4726","3d navigation","3"
"4727","método de avaliação de comunicabilidade","3"
"4728","death representations","3"
"4729","semiotic engineering","3"
"4730","natural user interfaces","3"
"4731","automatic evaluation","3"
"4732","digital interactive television","3"
"4733","?exible process","3"
"4734","facebook","3"
"4735","publicações","3"
"4736","idosos","3"
"4737","intrinsic motivation","3"
"4739","integration of hci (human-computer interactio","3"
"4740","avaliação de comunicabilidade","3"
"4742","affect and emotions in design","3"
"4743","semiotic engineering","3"
"4744","sketching","3"
"4745","search engine interface","3"
"4746","assistive technology","3"
"4747","cognitive dimensions analysis","3"
"4748","social networks","3"
"4749","facebook","3"
"4750","jogos","3"
"4751","activity diagrams","3"
"4752","mediated metacommunication","3"
"4753","cultura e ihc","3"
"4754","surdez","3"
"4755","analfabetismo funcional","3"
"4756","disponibilidade da informação","3"
"4757","contextual help","3"
"4758","gwido","3"
"4759","semiotic engineering","3"
"4760","perfil","3"
"4761","authorship poetry","3"
"4762","recuperação de informação","3"
"4763","processo de inovação","3"
"4764","mis","3"
"4765","formative evaluation","3"
"4766","visual exploration","3"
"4767","critérios de acessibilidade","3"
"4768","text entry","3"
"4769","tablet","3"
"4770","notations","3"
"4771","collective knowledge construction","3"
"4772","design","3"
"4773","engenharia semiótica","3"
"4774","rastreabilidade de pesquisa","3"
"4775","interaction design","3"
"4777","modelagem","3"
"4778","análise hierárquica de tarefa","3"
"4779","method of evaluation","3"
"4780","design knowledge","3"
"4781","avaliação de
usabilidade","3"
"4782","data collection","3"
"4783","regras de associação","3"
"4784","facebook","3"
"4785","observação","3"
"4786","estudo qualitativo","3"
"4788","sensações dos usuários","3"
"4789","gaze gesture","3"
"4790","interações baseadas na fala","3"
"4791","operações
técnicas","3"
"4792","meta design","3"
"4793","aspect-oriented programming","3"
"4794","videogames na educação","3"
"4795","rede de coautoria","3"
"4796","storytelling","3"
"4797","audio","3"
"4798","experiência
do usuário","3"
"4799","virtual learning environments","3"
"4800","semiotic inspection method","3"
"4808","health campaign","3"
"4809","android","3"
"4810","environment control","3"
"4811","inclusão social","3"
"4812","emotion","3"
"4813","lgbt","3"
"4814","attention-aware system","3"
"4815","semiotic engineering","3"
"4816","intelligent image processing","3"
"4817","participatory design","3"
"4818","molic","3"
"4819","molic","3"
"4820","communication and collaboration","3"
"4821","serious videogames","3"
"4822","inspection technique","3"
"4825","inter-region collaboration","3"
"4826","semiotic engineering","3"
"4827","engenharia semiótica","3"
"4828","semiotic engineering","3"
"4829","mac-g","3"
"4830","usability evaluation","3"
"4831","training staff","3"
"4832","computer wearable","3"
"4833","crowdsourcing","3"
"4834","interaction","3"
"4835","information disclosure","3"
"4836","interaction anticipation","3"
"4837","games","3"
"4838","grand challenges","3"
"4839","deaf evaluation","3"
"4840","personas","3"
"4841","emotions","3"
"4842","standardization","3"
"4843","narrative","3"
"4844","analytical method","3"
"4845","neuroscience","3"
"4846","interface design","3"
"4847","interaction design","3"
"4848","concurrent programming","3"
"4849","development of games about computational thin","3"
"4850","infovis","3"
"4851","emergency coordination","3"
"4852","accessibility","3"
"4853","social networks","3"
"4854","user centered design","3"
"4506","semiótica","4"
"4507","human?computer interaction","4"
"4510","metodologia","4"
"4513","manipulação direta","4"
"4514","rede de longa distância","4"
"4515","design","4"
"4517","comportamento dos usuários","4"
"4518","metáforas","4"
"4520","usabilidade","4"
"4521","linguagens de programação","4"
"4523","semiótica","4"
"4525","análise de domínio","4"
"4527","design auxiliado por computador","4"
"4528","interação humano-computador","4"
"4529","aprendizagem","4"
"4530","geração automática","4"
"4531","metonímia","4"
"4532","rupturas de comunicação","4"
"4533","linguagem de sinais","4"
"4534","recursos digitais","4"
"4536","sites de comércio eletrônico","4"
"4538","software educacional","4"
"4540","recomendações ergonômicas","4"
"4541","testes de usabilidade","4"
"4544","semiotics","4"
"4546","semiótica","4"
"4554","personal spaces","4"
"4561","ferramentas de avaliação","4"
"4564","pragmatics","4"
"4567","humancomputer interaction","4"
"4585","semiótica organizacional","4"
"4600","zui","4"
"4602","telefones celulares","4"
"4611","sistemas agrícolas","4"
"4617","sketching","4"
"4618","help systems","4"
"4620","critical systems","4"
"4621","participatory design","4"
"4623","model-based user interface development","4"
"4625","communicability evaluation","4"
"4629","integração de voz","4"
"4630","semiotic engineering","4"
"4631","computer music","4"
"4632","computer mediated communication","4"
"4633","chat","4"
"4636","personas","4"
"4638","evaluation of multimodal interfaces","4"
"4639","audio games","4"
"4640","social web","4"
"4642","interação humano-computador","4"
"4643","social impact","4"
"4645","sbtvd","4"
"4646","qualitative methods in design","4"
"4648","synchronous collaboration","4"
"4649","cognitive authority","4"
"4650","usability","4"
"4651","framework","4"
"4653","nested context language","4"
"4654","quis","4"
"4656","reputation","4"
"4658","iso tr 18529","4"
"4659","end user programming","4"
"4662","entrevistas","4"
"4663","manas","4"
"4666","awareness","4"
"4668","enciclopédia colaborativa","4"
"4670","comprehension of video","4"
"4671","participatory design","4"
"4672","design rationale","4"
"4673","mobile interaction design","4"
"4674","web móvel","4"
"4679","uml","4"
"4681","speech recognition","4"
"4682","metodologia híbrida","4"
"4683","engenharia semiótica","4"
"4684","verbally impaired people","4"
"4686","digital life and death","4"
"4687","localization","4"
"4688","accessibility evaluation","4"
"4691","pessoas com necessidades especiais","4"
"4693","análise de comportamento do usuário","4"
"4696","sistema colaborativo","4"
"4699","knowledge extraction","4"
"4700","integración de procesos software","4"
"4704","disruptive technology","4"
"4707","semiotic engineering","4"
"4708","usabilidade","4"
"4709","idosos","4"
"4711","interactividad","4"
"4712","systematic literature review","4"
"4715","semiotic inspection method","4"
"4719","participatory design","4"
"4720","engenharia semiótica","4"
"4721","augmented communication","4"
"4722","headset","4"
"4723","tui","4"
"4724","depth cameras","4"
"4725","educação permanente","4"
"4726","usability","4"
"4727","redes virtuais de colaboração científica","4"
"4728","digital legacy","4"
"4729","evaluation method","4"
"4730","information and communication technologies","4"
"4731","logging","4"
"4732","interaction model","4"
"4733","context","4"
"4734","experiência do usuá- rio","4"
"4735","tagclouds","4"
"4736","interação","4"
"4737","extrinsic motivation","4"
"4740","surdos","4"
"4742","learning technology","4"
"4744","paper based","4"
"4745","recommendations","4"
"4746","accessibility","4"
"4748","user experience","4"
"4749","semiotic inspection method","4"
"4750","inclusão digital","4"
"4752","end-user development","4"
"4753","jogos colaborativos","4"
"4754","diálogos de mediação","4"
"4756","foursquare","4"
"4758","human computation","4"
"4759","human-computer-interaction","4"
"4760","card","4"
"4764","macg","4"
"4765","model-based design","4"
"4766","conferences","4"
"4767","estudo quantitativo","4"
"4768","user interface design and evaluation","4"
"4769","interface","4"
"4770","cognitive dimensions of notations","4"
"4771","organisational semiotics","4"
"4772","partes interessadas","4"
"4773","ihc e cultura","4"
"4774","documentos hipermídia","4"
"4777","modelos de projeto","4"
"4778","estudo empírico","4"
"4779","human-computer interaction","4"
"4780","design tools","4"
"4781","dispositivos móveis","4"
"4782","pictive","4"
"4783","smartphones","4"
"4785","diretivas","4"
"4788","web social","4"
"4791","instruções visuais","4"
"4792","tecnologias de apoio para o tratamento de tra","4"
"4795","exploração
visual","4"
"4796","reactivision","4"
"4797","haptics","4"
"4798","entrevista semiestruturada","4"
"4799","end-user programming","4"
"4809","smartphone","4"
"4810","eeg analysis","4"
"4811","diálogos de mediação","4"
"4812","human factors","4"
"4813","interfaces","4"
"4814","arduino","4"
"4815","hci","4"
"4816","pattern recognition","4"
"4817","user diversity","4"
"4819","cdn","4"
"4820","change in meaning","4"
"4821","visual impairment","4"
"4826","semiotic inspection method","4"
"4827","uso de exemplos","4"
"4829","social networks","4"
"4830","usability","4"
"4832","natural interaction","4"
"4833","design research","4"
"4834","kinect","4"
"4836","configuration settings","4"
"4837","education","4"
"4838","ideal rules","4"
"4839","virtual learning environment moodle","4"
"4840","facebook","4"
"4841","participatory design","4"
"4842","user centered design","4"
"4843","sam","4"
"4844","inspection method","4"
"4845","electroencephalogram","4"
"4847","collaborative learning system","4"
"4850","visualization","4"
"4851","crowdsourcing","4"
"4854","healthcare","4"
"4513","interface gráfica","5"
"4518","""awareness""","5"
"4529","integração","5"
"4531","raciocínio abdutivo","5"
"4533","sign writing","5"
"4540","ergonomia de software","5"
"4554","group spaces","5"
"4564","hci analysis","5"
"4617","semiotic engineering","5"
"4621","web engineering","5"
"4623","user interface description languages xml-bas","5"
"4630","actions theory","5"
"4631","networked music","5"
"4632","distance education","5"
"4633","emoticons","5"
"4639","haptics and gestures","5"
"4642","análise semiótica","5"
"4643","sociability","5"
"4648","multi-layer systems","5"
"4653","middleware ginga","5"
"4654","cbir","5"
"4658","p-cmm","5"
"4659","especificação de sistemas","5"
"4662","design","5"
"4663","impacto social","5"
"4666","participatory design","5"
"4668","wikipedia","5"
"4670","additional content","5"
"4671","norms","5"
"4673","mobile devices","5"
"4674","w3c","5"
"4681","innovation","5"
"4683","redes sociais","5"
"4686","posthumous interaction","5"
"4691","análise de conteúdo","5"
"4699","data mining","5"
"4700","desarrollo de la interfaz de usuario","5"
"4704","user centered evaluation","5"
"4709","design","5"
"4712","web 20","5"
"4715","communicability evaluation method","5"
"4720","signos sonoros","5"
"4721","accessibility","5"
"4722","eeg","5"
"4723","ihc","5"
"4726","interaction","5"
"4729","communicability","5"
"4731","experience sampling method","5"
"4732","multi-criteria decision analysis","5"
"4736","avaliação emocional","5"
"4737","eco-feedback technology","5"
"4740","interção humano-computador","5"
"4742","olpc","5"
"4744","technique","5"
"4745","accessibility","5"
"4746","virtual keyboard","5"
"4749","semiotic engineering","5"
"4764","manas","5"
"4765","semiotic engineering","5"
"4769","ipad","5"
"4770","usability","5"
"4772","interação humano-computador","5"
"4777","manas","5"
"4780","human-computer interaction","5"
"4781","esm","5"
"4782","participatory design","5"
"4783","dispositivos móveis","5"
"4788","prototipação","5"
"4795","análise da colaboração","5"
"4796","scratch","5"
"4797","multimodal interfaces","5"
"4798","método de
explicitação do discurso adjacente","5"
"4811","colaboração na web","5"
"4812","human-computer interaction","5"
"4816","natural interaction","5"
"4819","interaction design","5"
"4821","design","5"
"4827","apropriação","5"
"4829","facebook","5"
"4832","virtual reality","5"
"4833","political stories","5"
"4836","impact over time","5"
"4837","open data","5"
"4838","norms","5"
"4841","mobile","5"
"4844","semiotics","5"
"4847","organizacional semiotics","5"
"4854","mental illness","5"
"4518","sistemas de apoio à tomada de decisão em grup","6"
"4529","interatividade e interação","6"
"4554","agents","6"
"4564","semiotic engineering","6"
"4630","cognitive engineering","6"
"4632","coordination","6"
"4639","visually-impaired users","6"
"4643","mediated communication","6"
"4648","strata","6"
"4662","estatística","6"
"4663","comunicação mediada","6"
"4666","organizational semiotics","6"
"4670","cognitive psychology","6"
"4715","systematic interpretation","6"
"4720","jogos digitais","6"
"4722","semiótica organizacional","6"
"4723","semiótica organizacional","6"
"4746","residential environmental control","6"
"4764","comparação de métodos de avaliação","6"
"4765","human-computer interaction","6"
"4770","communicability","6"
"4772","semiótica organizacional","6"
"4777","molic","6"
"4780","semiotic engineering","6"
"4782","guidelines","6"
"4788","recomendações","6"
"4795","análise de redes sociais","6"
"4812","hci","6"
"4819","design language","6"
"4821","evaluation","6"
"4832","rehabilitation","6"
"4833","engagement with news","6"
"4837","gamification","6"
"4841","brainwritting","6"
"4847","peer instruction","6"
"4854","non-disruptive workflow","6"
"4518","interfaces para trabalho cooperativo","7"
"4639","semiotic engineering","7"
"4715","abstraction","7"
"4764","comunicabilidade","7"
"4770","semiotic engineering","7"
"4782","mobile
application","7"
"4841","braindraw","7"
